spec_id,study_name,doi,contact_name,contact_email,citation,type,averaged,method,phylum,class,order,family,genus,species,sub,patch,sex,country,latitude,longitude
S0000001,White2012,10.1071/ZO12045,Thomas_E_White,thomas.white@sydney.edu.au,"White TE, Macedonia J, Birch D, Dawes J, Kemp DJ (2012) The nano-anatomical basis of sexual dimorphism in iridescent butterfly colouration. Australian Journal of Zoology 60(2), 101-107.",reflectance,no,"Oceanoptics USB2000. Iridescent, so measured at angle of peak reflectance.",Arthropoda,Insecta,Lepidoptera,Pieridae,Eurema,hecabe,NA,NA,f,Australia,16.9,145.7
S0000002,White2012,10.1071/ZO12045,Thomas_E_White,thomas.white@sydney.edu.au,"White TE, Macedonia J, Birch D, Dawes J, Kemp DJ (2012) The nano-anatomical basis of sexual dimorphism in iridescent butterfly colouration. Australian Journal of Zoology 60(2), 101-107.",reflectance,no,"Oceanoptics USB2000. Iridescent, so measured at angle of peak reflectance.",Arthropoda,Insecta,Lepidoptera,Pieridae,Eurema,hecabe,NA,NA,f,Australia,16.9,145.7
S0000003,White2012,10.1071/ZO12045,Thomas_E_White,thomas.white@sydney.edu.au,"White TE, Macedonia J, Birch D, Dawes J, Kemp DJ (2012) The nano-anatomical basis of sexual dimorphism in iridescent butterfly colouration. Australian Journal of Zoology 60(2), 101-107.",reflectance,no,"Oceanoptics USB2000. Iridescent, so measured at angle of peak reflectance.",Arthropoda,Insecta,Lepidoptera,Pieridae,Eurema,hecabe,NA,NA,f,Australia,16.9,145.7
S0000004,White2012,10.1071/ZO12045,Thomas_E_White,thomas.white@sydney.edu.au,"White TE, Macedonia J, Birch D, Dawes J, Kemp DJ (2012) The nano-anatomical basis of sexual dimorphism in iridescent butterfly colouration. Australian Journal of Zoology 60(2), 101-107.",reflectance,no,"Oceanoptics USB2000. Iridescent, so measured at angle of peak reflectance.",Arthropoda,Insecta,Lepidoptera,Pieridae,Eurema,hecabe,NA,NA,f,Australia,16.9,145.7
S0000005,White2012,10.1071/ZO12045,Thomas_E_White,thomas.white@sydney.edu.au,"White TE, Macedonia J, Birch D, Dawes J, Kemp DJ (2012) The nano-anatomical basis of sexual dimorphism in iridescent butterfly colouration. Australian Journal of Zoology 60(2), 101-107.",reflectance,no,"Oceanoptics USB2000. Iridescent, so measured at angle of peak reflectance.",Arthropoda,Insecta,Lepidoptera,Pieridae,Eurema,hecabe,NA,NA,f,Australia,16.9,145.7
S0000006,White2012,10.1071/ZO12045,Thomas_E_White,thomas.white@sydney.edu.au,"White TE, Macedonia J, Birch D, Dawes J, Kemp DJ (2012) The nano-anatomical basis of sexual dimorphism in iridescent butterfly colouration. Australian Journal of Zoology 60(2), 101-107.",reflectance,no,"Oceanoptics USB2000. Iridescent, so measured at angle of peak reflectance.",Arthropoda,Insecta,Lepidoptera,Pieridae,Eurema,hecabe,NA,NA,f,Australia,16.9,145.7
S0000007,White2012,10.1071/ZO12045,Thomas_E_White,thomas.white@sydney.edu.au,"White TE, Macedonia J, Birch D, Dawes J, Kemp DJ (2012) The nano-anatomical basis of sexual dimorphism in iridescent butterfly colouration. Australian Journal of Zoology 60(2), 101-107.",reflectance,no,"Oceanoptics USB2000. Iridescent, so measured at angle of peak reflectance.",Arthropoda,Insecta,Lepidoptera,Pieridae,Eurema,hecabe,NA,NA,f,Australia,16.9,145.7
S0000008,White2012,10.1071/ZO12045,Thomas_E_White,thomas.white@sydney.edu.au,"White TE, Macedonia J, Birch D, Dawes J, Kemp DJ (2012) The nano-anatomical basis of sexual dimorphism in iridescent butterfly colouration. Australian Journal of Zoology 60(2), 101-107.",reflectance,no,"Oceanoptics USB2000. Iridescent, so measured at angle of peak reflectance.",Arthropoda,Insecta,Lepidoptera,Pieridae,Eurema,hecabe,NA,NA,f,Australia,16.9,145.7
S0000009,White2012,10.1071/ZO12045,Thomas_E_White,thomas.white@sydney.edu.au,"White TE, Macedonia J, Birch D, Dawes J, Kemp DJ (2012) The nano-anatomical basis of sexual dimorphism in iridescent butterfly colouration. Australian Journal of Zoology 60(2), 101-107.",reflectance,no,"Oceanoptics USB2000. Iridescent, so measured at angle of peak reflectance.",Arthropoda,Insecta,Lepidoptera,Pieridae,Eurema,hecabe,NA,NA,f,Australia,16.9,145.7
S0000010,White2012,10.1071/ZO12045,Thomas_E_White,thomas.white@sydney.edu.au,"White TE, Macedonia J, Birch D, Dawes J, Kemp DJ (2012) The nano-anatomical basis of sexual dimorphism in iridescent butterfly colouration. Australian Journal of Zoology 60(2), 101-107.",reflectance,no,"Oceanoptics USB2000. Iridescent, so measured at angle of peak reflectance.",Arthropoda,Insecta,Lepidoptera,Pieridae,Eurema,hecabe,NA,NA,f,Australia,16.9,145.7
S0000011,White2012,10.1071/ZO12045,Thomas_E_White,thomas.white@sydney.edu.au,"White TE, Macedonia J, Birch D, Dawes J, Kemp DJ (2012) The nano-anatomical basis of sexual dimorphism in iridescent butterfly colouration. Australian Journal of Zoology 60(2), 101-107.",reflectance,no,"Oceanoptics USB2000. Iridescent, so measured at angle of peak reflectance.",Arthropoda,Insecta,Lepidoptera,Pieridae,Eurema,hecabe,NA,NA,f,Australia,16.9,145.7
S0000012,White2012,10.1071/ZO12045,Thomas_E_White,thomas.white@sydney.edu.au,"White TE, Macedonia J, Birch D, Dawes J, Kemp DJ (2012) The nano-anatomical basis of sexual dimorphism in iridescent butterfly colouration. Australian Journal of Zoology 60(2), 101-107.",reflectance,no,"Oceanoptics USB2000. Iridescent, so measured at angle of peak reflectance.",Arthropoda,Insecta,Lepidoptera,Pieridae,Eurema,hecabe,NA,NA,f,Australia,16.9,145.7
S0000013,White2012,10.1071/ZO12045,Thomas_E_White,thomas.white@sydney.edu.au,"White TE, Macedonia J, Birch D, Dawes J, Kemp DJ (2012) The nano-anatomical basis of sexual dimorphism in iridescent butterfly colouration. Australian Journal of Zoology 60(2), 101-107.",reflectance,no,"Oceanoptics USB2000. Iridescent, so measured at angle of peak reflectance.",Arthropoda,Insecta,Lepidoptera,Pieridae,Eurema,hecabe,NA,NA,f,Australia,16.9,145.7
S0000014,White2012,10.1071/ZO12045,Thomas_E_White,thomas.white@sydney.edu.au,"White TE, Macedonia J, Birch D, Dawes J, Kemp DJ (2012) The nano-anatomical basis of sexual dimorphism in iridescent butterfly colouration. Australian Journal of Zoology 60(2), 101-107.",reflectance,no,"Oceanoptics USB2000. Iridescent, so measured at angle of peak reflectance.",Arthropoda,Insecta,Lepidoptera,Pieridae,Eurema,hecabe,NA,NA,f,Australia,16.9,145.7
S0000015,White2012,10.1071/ZO12045,Thomas_E_White,thomas.white@sydney.edu.au,"White TE, Macedonia J, Birch D, Dawes J, Kemp DJ (2012) The nano-anatomical basis of sexual dimorphism in iridescent butterfly colouration. Australian Journal of Zoology 60(2), 101-107.",reflectance,no,"Oceanoptics USB2000. Iridescent, so measured at angle of peak reflectance.",Arthropoda,Insecta,Lepidoptera,Pieridae,Eurema,hecabe,NA,NA,f,Australia,16.9,145.7
S0000016,White2012,10.1071/ZO12045,Thomas_E_White,thomas.white@sydney.edu.au,"White TE, Macedonia J, Birch D, Dawes J, Kemp DJ (2012) The nano-anatomical basis of sexual dimorphism in iridescent butterfly colouration. Australian Journal of Zoology 60(2), 101-107.",reflectance,no,"Oceanoptics USB2000. Iridescent, so measured at angle of peak reflectance.",Arthropoda,Insecta,Lepidoptera,Pieridae,Eurema,hecabe,NA,NA,f,Australia,16.9,145.7
S0000017,White2012,10.1071/ZO12045,Thomas_E_White,thomas.white@sydney.edu.au,"White TE, Macedonia J, Birch D, Dawes J, Kemp DJ (2012) The nano-anatomical basis of sexual dimorphism in iridescent butterfly colouration. Australian Journal of Zoology 60(2), 101-107.",reflectance,no,"Oceanoptics USB2000. Iridescent, so measured at angle of peak reflectance.",Arthropoda,Insecta,Lepidoptera,Pieridae,Eurema,hecabe,NA,NA,f,Australia,16.9,145.7
S0000018,White2012,10.1071/ZO12045,Thomas_E_White,thomas.white@sydney.edu.au,"White TE, Macedonia J, Birch D, Dawes J, Kemp DJ (2012) The nano-anatomical basis of sexual dimorphism in iridescent butterfly colouration. Australian Journal of Zoology 60(2), 101-107.",reflectance,no,"Oceanoptics USB2000. Iridescent, so measured at angle of peak reflectance.",Arthropoda,Insecta,Lepidoptera,Pieridae,Eurema,hecabe,NA,NA,f,Australia,16.9,145.7
S0000019,White2012,10.1071/ZO12045,Thomas_E_White,thomas.white@sydney.edu.au,"White TE, Macedonia J, Birch D, Dawes J, Kemp DJ (2012) The nano-anatomical basis of sexual dimorphism in iridescent butterfly colouration. Australian Journal of Zoology 60(2), 101-107.",reflectance,no,"Oceanoptics USB2000. Iridescent, so measured at angle of peak reflectance.",Arthropoda,Insecta,Lepidoptera,Pieridae,Eurema,hecabe,NA,NA,f,Australia,16.9,145.7
S0000020,White2012,10.1071/ZO12045,Thomas_E_White,thomas.white@sydney.edu.au,"White TE, Macedonia J, Birch D, Dawes J, Kemp DJ (2012) The nano-anatomical basis of sexual dimorphism in iridescent butterfly colouration. Australian Journal of Zoology 60(2), 101-107.",reflectance,no,"Oceanoptics USB2000. Iridescent, so measured at angle of peak reflectance.",Arthropoda,Insecta,Lepidoptera,Pieridae,Eurema,hecabe,NA,NA,f,Australia,16.9,145.7
S0000021,White2012,10.1071/ZO12045,Thomas_E_White,thomas.white@sydney.edu.au,"White TE, Macedonia J, Birch D, Dawes J, Kemp DJ (2012) The nano-anatomical basis of sexual dimorphism in iridescent butterfly colouration. Australian Journal of Zoology 60(2), 101-107.",reflectance,no,"Oceanoptics USB2000. Iridescent, so measured at angle of peak reflectance.",Arthropoda,Insecta,Lepidoptera,Pieridae,Eurema,hecabe,NA,NA,f,Australia,16.9,145.7
S0000022,White2012,10.1071/ZO12045,Thomas_E_White,thomas.white@sydney.edu.au,"White TE, Macedonia J, Birch D, Dawes J, Kemp DJ (2012) The nano-anatomical basis of sexual dimorphism in iridescent butterfly colouration. Australian Journal of Zoology 60(2), 101-107.",reflectance,no,"Oceanoptics USB2000. Iridescent, so measured at angle of peak reflectance.",Arthropoda,Insecta,Lepidoptera,Pieridae,Eurema,hecabe,NA,NA,f,Australia,16.9,145.7
S0000023,White2012,10.1071/ZO12045,Thomas_E_White,thomas.white@sydney.edu.au,"White TE, Macedonia J, Birch D, Dawes J, Kemp DJ (2012) The nano-anatomical basis of sexual dimorphism in iridescent butterfly colouration. Australian Journal of Zoology 60(2), 101-107.",reflectance,no,"Oceanoptics USB2000. Iridescent, so measured at angle of peak reflectance.",Arthropoda,Insecta,Lepidoptera,Pieridae,Eurema,hecabe,NA,NA,f,Australia,16.9,145.7
S0000024,White2012,10.1071/ZO12045,Thomas_E_White,thomas.white@sydney.edu.au,"White TE, Macedonia J, Birch D, Dawes J, Kemp DJ (2012) The nano-anatomical basis of sexual dimorphism in iridescent butterfly colouration. Australian Journal of Zoology 60(2), 101-107.",reflectance,no,"Oceanoptics USB2000. Iridescent, so measured at angle of peak reflectance.",Arthropoda,Insecta,Lepidoptera,Pieridae,Eurema,hecabe,NA,NA,f,Australia,16.9,145.7
S0000025,White2012,10.1071/ZO12045,Thomas_E_White,thomas.white@sydney.edu.au,"White TE, Macedonia J, Birch D, Dawes J, Kemp DJ (2012) The nano-anatomical basis of sexual dimorphism in iridescent butterfly colouration. Australian Journal of Zoology 60(2), 101-107.",reflectance,no,"Oceanoptics USB2000. Iridescent, so measured at angle of peak reflectance.",Arthropoda,Insecta,Lepidoptera,Pieridae,Eurema,hecabe,NA,NA,f,Australia,16.9,145.7
S0000026,White2012,10.1071/ZO12045,Thomas_E_White,thomas.white@sydney.edu.au,"White TE, Macedonia J, Birch D, Dawes J, Kemp DJ (2012) The nano-anatomical basis of sexual dimorphism in iridescent butterfly colouration. Australian Journal of Zoology 60(2), 101-107.",reflectance,no,"Oceanoptics USB2000. Iridescent, so measured at angle of peak reflectance.",Arthropoda,Insecta,Lepidoptera,Pieridae,Eurema,hecabe,NA,NA,f,Australia,16.9,145.7
S0000027,White2012,10.1071/ZO12045,Thomas_E_White,thomas.white@sydney.edu.au,"White TE, Macedonia J, Birch D, Dawes J, Kemp DJ (2012) The nano-anatomical basis of sexual dimorphism in iridescent butterfly colouration. Australian Journal of Zoology 60(2), 101-107.",reflectance,no,"Oceanoptics USB2000. Iridescent, so measured at angle of peak reflectance.",Arthropoda,Insecta,Lepidoptera,Pieridae,Eurema,hecabe,NA,NA,f,Australia,16.9,145.7
S0000028,White2012,10.1071/ZO12045,Thomas_E_White,thomas.white@sydney.edu.au,"White TE, Macedonia J, Birch D, Dawes J, Kemp DJ (2012) The nano-anatomical basis of sexual dimorphism in iridescent butterfly colouration. Australian Journal of Zoology 60(2), 101-107.",reflectance,no,"Oceanoptics USB2000. Iridescent, so measured at angle of peak reflectance.",Arthropoda,Insecta,Lepidoptera,Pieridae,Eurema,hecabe,NA,NA,f,Australia,16.9,145.7
S0000029,White2012,10.1071/ZO12045,Thomas_E_White,thomas.white@sydney.edu.au,"White TE, Macedonia J, Birch D, Dawes J, Kemp DJ (2012) The nano-anatomical basis of sexual dimorphism in iridescent butterfly colouration. Australian Journal of Zoology 60(2), 101-107.",reflectance,no,"Oceanoptics USB2000. Iridescent, so measured at angle of peak reflectance.",Arthropoda,Insecta,Lepidoptera,Pieridae,Eurema,hecabe,NA,NA,f,Australia,16.9,145.7
S0000030,White2012,10.1071/ZO12045,Thomas_E_White,thomas.white@sydney.edu.au,"White TE, Macedonia J, Birch D, Dawes J, Kemp DJ (2012) The nano-anatomical basis of sexual dimorphism in iridescent butterfly colouration. Australian Journal of Zoology 60(2), 101-107.",reflectance,no,"Oceanoptics USB2000. Iridescent, so measured at angle of peak reflectance.",Arthropoda,Insecta,Lepidoptera,Pieridae,Eurema,hecabe,NA,NA,f,Australia,16.9,145.7
S0000031,White2012,10.1071/ZO12045,Thomas_E_White,thomas.white@sydney.edu.au,"White TE, Macedonia J, Birch D, Dawes J, Kemp DJ (2012) The nano-anatomical basis of sexual dimorphism in iridescent butterfly colouration. Australian Journal of Zoology 60(2), 101-107.",reflectance,no,"Oceanoptics USB2000. Iridescent, so measured at angle of peak reflectance.",Arthropoda,Insecta,Lepidoptera,Pieridae,Eurema,hecabe,NA,NA,m,Australia,16.9,145.7
S0000032,White2012,10.1071/ZO12045,Thomas_E_White,thomas.white@sydney.edu.au,"White TE, Macedonia J, Birch D, Dawes J, Kemp DJ (2012) The nano-anatomical basis of sexual dimorphism in iridescent butterfly colouration. Australian Journal of Zoology 60(2), 101-107.",reflectance,no,"Oceanoptics USB2000. Iridescent, so measured at angle of peak reflectance.",Arthropoda,Insecta,Lepidoptera,Pieridae,Eurema,hecabe,NA,NA,m,Australia,16.9,145.7
S0000033,White2012,10.1071/ZO12045,Thomas_E_White,thomas.white@sydney.edu.au,"White TE, Macedonia J, Birch D, Dawes J, Kemp DJ (2012) The nano-anatomical basis of sexual dimorphism in iridescent butterfly colouration. Australian Journal of Zoology 60(2), 101-107.",reflectance,no,"Oceanoptics USB2000. Iridescent, so measured at angle of peak reflectance.",Arthropoda,Insecta,Lepidoptera,Pieridae,Eurema,hecabe,NA,NA,m,Australia,16.9,145.7
S0000034,White2012,10.1071/ZO12045,Thomas_E_White,thomas.white@sydney.edu.au,"White TE, Macedonia J, Birch D, Dawes J, Kemp DJ (2012) The nano-anatomical basis of sexual dimorphism in iridescent butterfly colouration. Australian Journal of Zoology 60(2), 101-107.",reflectance,no,"Oceanoptics USB2000. Iridescent, so measured at angle of peak reflectance.",Arthropoda,Insecta,Lepidoptera,Pieridae,Eurema,hecabe,NA,NA,m,Australia,16.9,145.7
S0000035,White2012,10.1071/ZO12045,Thomas_E_White,thomas.white@sydney.edu.au,"White TE, Macedonia J, Birch D, Dawes J, Kemp DJ (2012) The nano-anatomical basis of sexual dimorphism in iridescent butterfly colouration. Australian Journal of Zoology 60(2), 101-107.",reflectance,no,"Oceanoptics USB2000. Iridescent, so measured at angle of peak reflectance.",Arthropoda,Insecta,Lepidoptera,Pieridae,Eurema,hecabe,NA,NA,m,Australia,16.9,145.7
S0000036,White2012,10.1071/ZO12045,Thomas_E_White,thomas.white@sydney.edu.au,"White TE, Macedonia J, Birch D, Dawes J, Kemp DJ (2012) The nano-anatomical basis of sexual dimorphism in iridescent butterfly colouration. Australian Journal of Zoology 60(2), 101-107.",reflectance,no,"Oceanoptics USB2000. Iridescent, so measured at angle of peak reflectance.",Arthropoda,Insecta,Lepidoptera,Pieridae,Eurema,hecabe,NA,NA,m,Australia,16.9,145.7
S0000037,White2012,10.1071/ZO12045,Thomas_E_White,thomas.white@sydney.edu.au,"White TE, Macedonia J, Birch D, Dawes J, Kemp DJ (2012) The nano-anatomical basis of sexual dimorphism in iridescent butterfly colouration. Australian Journal of Zoology 60(2), 101-107.",reflectance,no,"Oceanoptics USB2000. Iridescent, so measured at angle of peak reflectance.",Arthropoda,Insecta,Lepidoptera,Pieridae,Eurema,hecabe,NA,NA,m,Australia,16.9,145.7
S0000038,White2012,10.1071/ZO12045,Thomas_E_White,thomas.white@sydney.edu.au,"White TE, Macedonia J, Birch D, Dawes J, Kemp DJ (2012) The nano-anatomical basis of sexual dimorphism in iridescent butterfly colouration. Australian Journal of Zoology 60(2), 101-107.",reflectance,no,"Oceanoptics USB2000. Iridescent, so measured at angle of peak reflectance.",Arthropoda,Insecta,Lepidoptera,Pieridae,Eurema,hecabe,NA,NA,m,Australia,16.9,145.7
S0000039,White2012,10.1071/ZO12045,Thomas_E_White,thomas.white@sydney.edu.au,"White TE, Macedonia J, Birch D, Dawes J, Kemp DJ (2012) The nano-anatomical basis of sexual dimorphism in iridescent butterfly colouration. Australian Journal of Zoology 60(2), 101-107.",reflectance,no,"Oceanoptics USB2000. Iridescent, so measured at angle of peak reflectance.",Arthropoda,Insecta,Lepidoptera,Pieridae,Eurema,hecabe,NA,NA,m,Australia,16.9,145.7
S0000040,White2012,10.1071/ZO12045,Thomas_E_White,thomas.white@sydney.edu.au,"White TE, Macedonia J, Birch D, Dawes J, Kemp DJ (2012) The nano-anatomical basis of sexual dimorphism in iridescent butterfly colouration. Australian Journal of Zoology 60(2), 101-107.",reflectance,no,"Oceanoptics USB2000. Iridescent, so measured at angle of peak reflectance.",Arthropoda,Insecta,Lepidoptera,Pieridae,Eurema,hecabe,NA,NA,m,Australia,16.9,145.7
S0000041,White2012,10.1071/ZO12045,Thomas_E_White,thomas.white@sydney.edu.au,"White TE, Macedonia J, Birch D, Dawes J, Kemp DJ (2012) The nano-anatomical basis of sexual dimorphism in iridescent butterfly colouration. Australian Journal of Zoology 60(2), 101-107.",reflectance,no,"Oceanoptics USB2000. Iridescent, so measured at angle of peak reflectance.",Arthropoda,Insecta,Lepidoptera,Pieridae,Eurema,hecabe,NA,NA,m,Australia,16.9,145.7
S0000042,White2012,10.1071/ZO12045,Thomas_E_White,thomas.white@sydney.edu.au,"White TE, Macedonia J, Birch D, Dawes J, Kemp DJ (2012) The nano-anatomical basis of sexual dimorphism in iridescent butterfly colouration. Australian Journal of Zoology 60(2), 101-107.",reflectance,no,"Oceanoptics USB2000. Iridescent, so measured at angle of peak reflectance.",Arthropoda,Insecta,Lepidoptera,Pieridae,Eurema,hecabe,NA,NA,m,Australia,16.9,145.7
S0000043,White2012,10.1071/ZO12045,Thomas_E_White,thomas.white@sydney.edu.au,"White TE, Macedonia J, Birch D, Dawes J, Kemp DJ (2012) The nano-anatomical basis of sexual dimorphism in iridescent butterfly colouration. Australian Journal of Zoology 60(2), 101-107.",reflectance,no,"Oceanoptics USB2000. Iridescent, so measured at angle of peak reflectance.",Arthropoda,Insecta,Lepidoptera,Pieridae,Eurema,hecabe,NA,NA,m,Australia,16.9,145.7
S0000044,White2012,10.1071/ZO12045,Thomas_E_White,thomas.white@sydney.edu.au,"White TE, Macedonia J, Birch D, Dawes J, Kemp DJ (2012) The nano-anatomical basis of sexual dimorphism in iridescent butterfly colouration. Australian Journal of Zoology 60(2), 101-107.",reflectance,no,"Oceanoptics USB2000. Iridescent, so measured at angle of peak reflectance.",Arthropoda,Insecta,Lepidoptera,Pieridae,Eurema,hecabe,NA,NA,m,Australia,16.9,145.7
S0000045,White2012,10.1071/ZO12045,Thomas_E_White,thomas.white@sydney.edu.au,"White TE, Macedonia J, Birch D, Dawes J, Kemp DJ (2012) The nano-anatomical basis of sexual dimorphism in iridescent butterfly colouration. Australian Journal of Zoology 60(2), 101-107.",reflectance,no,"Oceanoptics USB2000. Iridescent, so measured at angle of peak reflectance.",Arthropoda,Insecta,Lepidoptera,Pieridae,Eurema,hecabe,NA,NA,m,Australia,16.9,145.7
S0000046,White2012,10.1071/ZO12045,Thomas_E_White,thomas.white@sydney.edu.au,"White TE, Macedonia J, Birch D, Dawes J, Kemp DJ (2012) The nano-anatomical basis of sexual dimorphism in iridescent butterfly colouration. Australian Journal of Zoology 60(2), 101-107.",reflectance,no,"Oceanoptics USB2000. Iridescent, so measured at angle of peak reflectance.",Arthropoda,Insecta,Lepidoptera,Pieridae,Eurema,hecabe,NA,NA,m,Australia,16.9,145.7
S0000047,White2012,10.1071/ZO12045,Thomas_E_White,thomas.white@sydney.edu.au,"White TE, Macedonia J, Birch D, Dawes J, Kemp DJ (2012) The nano-anatomical basis of sexual dimorphism in iridescent butterfly colouration. Australian Journal of Zoology 60(2), 101-107.",reflectance,no,"Oceanoptics USB2000. Iridescent, so measured at angle of peak reflectance.",Arthropoda,Insecta,Lepidoptera,Pieridae,Eurema,hecabe,NA,NA,m,Australia,16.9,145.7
S0000048,White2012,10.1071/ZO12045,Thomas_E_White,thomas.white@sydney.edu.au,"White TE, Macedonia J, Birch D, Dawes J, Kemp DJ (2012) The nano-anatomical basis of sexual dimorphism in iridescent butterfly colouration. Australian Journal of Zoology 60(2), 101-107.",reflectance,no,"Oceanoptics USB2000. Iridescent, so measured at angle of peak reflectance.",Arthropoda,Insecta,Lepidoptera,Pieridae,Eurema,hecabe,NA,NA,m,Australia,16.9,145.7
S0000049,White2012,10.1071/ZO12045,Thomas_E_White,thomas.white@sydney.edu.au,"White TE, Macedonia J, Birch D, Dawes J, Kemp DJ (2012) The nano-anatomical basis of sexual dimorphism in iridescent butterfly colouration. Australian Journal of Zoology 60(2), 101-107.",reflectance,no,"Oceanoptics USB2000. Iridescent, so measured at angle of peak reflectance.",Arthropoda,Insecta,Lepidoptera,Pieridae,Eurema,hecabe,NA,NA,m,Australia,16.9,145.7
S0000050,White2012,10.1071/ZO12045,Thomas_E_White,thomas.white@sydney.edu.au,"White TE, Macedonia J, Birch D, Dawes J, Kemp DJ (2012) The nano-anatomical basis of sexual dimorphism in iridescent butterfly colouration. Australian Journal of Zoology 60(2), 101-107.",reflectance,no,"Oceanoptics USB2000. Iridescent, so measured at angle of peak reflectance.",Arthropoda,Insecta,Lepidoptera,Pieridae,Eurema,hecabe,NA,NA,m,Australia,16.9,145.7
S0000051,White2012,10.1071/ZO12045,Thomas_E_White,thomas.white@sydney.edu.au,"White TE, Macedonia J, Birch D, Dawes J, Kemp DJ (2012) The nano-anatomical basis of sexual dimorphism in iridescent butterfly colouration. Australian Journal of Zoology 60(2), 101-107.",reflectance,no,"Oceanoptics USB2000. Iridescent, so measured at angle of peak reflectance.",Arthropoda,Insecta,Lepidoptera,Pieridae,Eurema,hecabe,NA,NA,m,Australia,16.9,145.7
S0000052,White2012,10.1071/ZO12045,Thomas_E_White,thomas.white@sydney.edu.au,"White TE, Macedonia J, Birch D, Dawes J, Kemp DJ (2012) The nano-anatomical basis of sexual dimorphism in iridescent butterfly colouration. Australian Journal of Zoology 60(2), 101-107.",reflectance,no,"Oceanoptics USB2000. Iridescent, so measured at angle of peak reflectance.",Arthropoda,Insecta,Lepidoptera,Pieridae,Eurema,hecabe,NA,NA,m,Australia,16.9,145.7
S0000053,White2012,10.1071/ZO12045,Thomas_E_White,thomas.white@sydney.edu.au,"White TE, Macedonia J, Birch D, Dawes J, Kemp DJ (2012) The nano-anatomical basis of sexual dimorphism in iridescent butterfly colouration. Australian Journal of Zoology 60(2), 101-107.",reflectance,no,"Oceanoptics USB2000. Iridescent, so measured at angle of peak reflectance.",Arthropoda,Insecta,Lepidoptera,Pieridae,Eurema,hecabe,NA,NA,m,Australia,16.9,145.7
S0000054,White2012,10.1071/ZO12045,Thomas_E_White,thomas.white@sydney.edu.au,"White TE, Macedonia J, Birch D, Dawes J, Kemp DJ (2012) The nano-anatomical basis of sexual dimorphism in iridescent butterfly colouration. Australian Journal of Zoology 60(2), 101-107.",reflectance,no,"Oceanoptics USB2000. Iridescent, so measured at angle of peak reflectance.",Arthropoda,Insecta,Lepidoptera,Pieridae,Eurema,hecabe,NA,NA,m,Australia,16.9,145.7
S0000055,White2012,10.1071/ZO12045,Thomas_E_White,thomas.white@sydney.edu.au,"White TE, Macedonia J, Birch D, Dawes J, Kemp DJ (2012) The nano-anatomical basis of sexual dimorphism in iridescent butterfly colouration. Australian Journal of Zoology 60(2), 101-107.",reflectance,no,"Oceanoptics USB2000. Iridescent, so measured at angle of peak reflectance.",Arthropoda,Insecta,Lepidoptera,Pieridae,Eurema,hecabe,NA,NA,m,Australia,16.9,145.7
S0000056,White2012,10.1071/ZO12045,Thomas_E_White,thomas.white@sydney.edu.au,"White TE, Macedonia J, Birch D, Dawes J, Kemp DJ (2012) The nano-anatomical basis of sexual dimorphism in iridescent butterfly colouration. Australian Journal of Zoology 60(2), 101-107.",reflectance,no,"Oceanoptics USB2000. Iridescent, so measured at angle of peak reflectance.",Arthropoda,Insecta,Lepidoptera,Pieridae,Eurema,hecabe,NA,NA,m,Australia,16.9,145.7
S0000057,White2012,10.1071/ZO12045,Thomas_E_White,thomas.white@sydney.edu.au,"White TE, Macedonia J, Birch D, Dawes J, Kemp DJ (2012) The nano-anatomical basis of sexual dimorphism in iridescent butterfly colouration. Australian Journal of Zoology 60(2), 101-107.",reflectance,no,"Oceanoptics USB2000. Iridescent, so measured at angle of peak reflectance.",Arthropoda,Insecta,Lepidoptera,Pieridae,Eurema,hecabe,NA,NA,m,Australia,16.9,145.7
S0000058,White2012,10.1071/ZO12045,Thomas_E_White,thomas.white@sydney.edu.au,"White TE, Macedonia J, Birch D, Dawes J, Kemp DJ (2012) The nano-anatomical basis of sexual dimorphism in iridescent butterfly colouration. Australian Journal of Zoology 60(2), 101-107.",reflectance,no,"Oceanoptics USB2000. Iridescent, so measured at angle of peak reflectance.",Arthropoda,Insecta,Lepidoptera,Pieridae,Eurema,hecabe,NA,NA,m,Australia,16.9,145.7
S0000059,White2012,10.1071/ZO12045,Thomas_E_White,thomas.white@sydney.edu.au,"White TE, Macedonia J, Birch D, Dawes J, Kemp DJ (2012) The nano-anatomical basis of sexual dimorphism in iridescent butterfly colouration. Australian Journal of Zoology 60(2), 101-107.",reflectance,no,"Oceanoptics USB2000. Iridescent, so measured at angle of peak reflectance.",Arthropoda,Insecta,Lepidoptera,Pieridae,Eurema,hecabe,NA,NA,m,Australia,16.9,145.7
S0000060,White2012,10.1071/ZO12045,Thomas_E_White,thomas.white@sydney.edu.au,"White TE, Macedonia J, Birch D, Dawes J, Kemp DJ (2012) The nano-anatomical basis of sexual dimorphism in iridescent butterfly colouration. Australian Journal of Zoology 60(2), 101-107.",reflectance,no,"Oceanoptics USB2000. Iridescent, so measured at angle of peak reflectance.",Arthropoda,Insecta,Lepidoptera,Pieridae,Eurema,hecabe,NA,NA,m,Australia,16.9,145.7
S0000061,White2016,10.1111/evo.12948,Thomas_E_White,thomas.white@sydney.edu.au,"White TE, Kemp DJ (2016) Colour polymorphic lures target different visual channels in prey. Evolution Early View",reflectance,no,Oceanoptics USB2000. Dorsal mid-band.,Arthropoda,Arachnida,Araneae,Araneidae,Gasteracantha,fornicata,morph_yellow,NA,f,Australia,16.9,145.7
S0000062,White2016,10.1111/evo.12948,Thomas_E_White,thomas.white@sydney.edu.au,"White TE, Kemp DJ (2016) Colour polymorphic lures target different visual channels in prey. Evolution Early View",reflectance,no,Oceanoptics USB2000. Dorsal mid-band.,Arthropoda,Arachnida,Araneae,Araneidae,Gasteracantha,fornicata,morph_yellow,NA,f,Australia,16.9,145.7
S0000063,White2016,10.1111/evo.12948,Thomas_E_White,thomas.white@sydney.edu.au,"White TE, Kemp DJ (2016) Colour polymorphic lures target different visual channels in prey. Evolution Early View",reflectance,no,Oceanoptics USB2000. Dorsal mid-band.,Arthropoda,Arachnida,Araneae,Araneidae,Gasteracantha,fornicata,morph_yellow,NA,f,Australia,16.9,145.7
S0000064,White2016,10.1111/evo.12948,Thomas_E_White,thomas.white@sydney.edu.au,"White TE, Kemp DJ (2016) Colour polymorphic lures target different visual channels in prey. Evolution Early View",reflectance,no,Oceanoptics USB2000. Dorsal mid-band.,Arthropoda,Arachnida,Araneae,Araneidae,Gasteracantha,fornicata,morph_yellow,NA,f,Australia,16.9,145.7
S0000065,White2016,10.1111/evo.12948,Thomas_E_White,thomas.white@sydney.edu.au,"White TE, Kemp DJ (2016) Colour polymorphic lures target different visual channels in prey. Evolution Early View",reflectance,no,Oceanoptics USB2000. Dorsal mid-band.,Arthropoda,Arachnida,Araneae,Araneidae,Gasteracantha,fornicata,morph_yellow,NA,f,Australia,16.9,145.7
S0000066,White2016,10.1111/evo.12948,Thomas_E_White,thomas.white@sydney.edu.au,"White TE, Kemp DJ (2016) Colour polymorphic lures target different visual channels in prey. Evolution Early View",reflectance,no,Oceanoptics USB2000. Dorsal mid-band.,Arthropoda,Arachnida,Araneae,Araneidae,Gasteracantha,fornicata,morph_yellow,NA,f,Australia,16.9,145.7
S0000067,White2016,10.1111/evo.12948,Thomas_E_White,thomas.white@sydney.edu.au,"White TE, Kemp DJ (2016) Colour polymorphic lures target different visual channels in prey. Evolution Early View",reflectance,no,Oceanoptics USB2000. Dorsal mid-band.,Arthropoda,Arachnida,Araneae,Araneidae,Gasteracantha,fornicata,morph_yellow,NA,f,Australia,16.9,145.7
S0000068,White2016,10.1111/evo.12948,Thomas_E_White,thomas.white@sydney.edu.au,"White TE, Kemp DJ (2016) Colour polymorphic lures target different visual channels in prey. Evolution Early View",reflectance,no,Oceanoptics USB2000. Dorsal mid-band.,Arthropoda,Arachnida,Araneae,Araneidae,Gasteracantha,fornicata,morph_yellow,NA,f,Australia,16.9,145.7
S0000069,White2016,10.1111/evo.12948,Thomas_E_White,thomas.white@sydney.edu.au,"White TE, Kemp DJ (2016) Colour polymorphic lures target different visual channels in prey. Evolution Early View",reflectance,no,Oceanoptics USB2000. Dorsal mid-band.,Arthropoda,Arachnida,Araneae,Araneidae,Gasteracantha,fornicata,morph_yellow,NA,f,Australia,16.9,145.7
S0000070,White2016,10.1111/evo.12948,Thomas_E_White,thomas.white@sydney.edu.au,"White TE, Kemp DJ (2016) Colour polymorphic lures target different visual channels in prey. Evolution Early View",reflectance,no,Oceanoptics USB2000. Dorsal mid-band.,Arthropoda,Arachnida,Araneae,Araneidae,Gasteracantha,fornicata,morph_yellow,NA,f,Australia,16.9,145.7
S0000071,White2016,10.1111/evo.12948,Thomas_E_White,thomas.white@sydney.edu.au,"White TE, Kemp DJ (2016) Colour polymorphic lures target different visual channels in prey. Evolution Early View",reflectance,no,Oceanoptics USB2000. Dorsal mid-band.,Arthropoda,Arachnida,Araneae,Araneidae,Gasteracantha,fornicata,morph_yellow,NA,f,Australia,16.9,145.7
S0000072,White2016,10.1111/evo.12948,Thomas_E_White,thomas.white@sydney.edu.au,"White TE, Kemp DJ (2016) Colour polymorphic lures target different visual channels in prey. Evolution Early View",reflectance,no,Oceanoptics USB2000. Dorsal mid-band.,Arthropoda,Arachnida,Araneae,Araneidae,Gasteracantha,fornicata,morph_yellow,NA,f,Australia,16.9,145.7
S0000073,White2016,10.1111/evo.12948,Thomas_E_White,thomas.white@sydney.edu.au,"White TE, Kemp DJ (2016) Colour polymorphic lures target different visual channels in prey. Evolution Early View",reflectance,no,Oceanoptics USB2000. Dorsal mid-band.,Arthropoda,Arachnida,Araneae,Araneidae,Gasteracantha,fornicata,morph_yellow,NA,f,Australia,16.9,145.7
S0000074,White2016,10.1111/evo.12948,Thomas_E_White,thomas.white@sydney.edu.au,"White TE, Kemp DJ (2016) Colour polymorphic lures target different visual channels in prey. Evolution Early View",reflectance,no,Oceanoptics USB2000. Dorsal mid-band.,Arthropoda,Arachnida,Araneae,Araneidae,Gasteracantha,fornicata,morph_yellow,NA,f,Australia,16.9,145.7
S0000075,White2016,10.1111/evo.12948,Thomas_E_White,thomas.white@sydney.edu.au,"White TE, Kemp DJ (2016) Colour polymorphic lures target different visual channels in prey. Evolution Early View",reflectance,no,Oceanoptics USB2000. Dorsal mid-band.,Arthropoda,Arachnida,Araneae,Araneidae,Gasteracantha,fornicata,morph_yellow,NA,f,Australia,16.9,145.7
S0000076,White2016,10.1111/evo.12948,Thomas_E_White,thomas.white@sydney.edu.au,"White TE, Kemp DJ (2016) Colour polymorphic lures target different visual channels in prey. Evolution Early View",reflectance,no,Oceanoptics USB2000. Dorsal mid-band.,Arthropoda,Arachnida,Araneae,Araneidae,Gasteracantha,fornicata,morph_yellow,NA,f,Australia,16.9,145.7
S0000077,White2016,10.1111/evo.12948,Thomas_E_White,thomas.white@sydney.edu.au,"White TE, Kemp DJ (2016) Colour polymorphic lures target different visual channels in prey. Evolution Early View",reflectance,no,Oceanoptics USB2000. Dorsal mid-band.,Arthropoda,Arachnida,Araneae,Araneidae,Gasteracantha,fornicata,morph_yellow,NA,f,Australia,16.9,145.7
S0000078,White2016,10.1111/evo.12948,Thomas_E_White,thomas.white@sydney.edu.au,"White TE, Kemp DJ (2016) Colour polymorphic lures target different visual channels in prey. Evolution Early View",reflectance,no,Oceanoptics USB2000. Dorsal mid-band.,Arthropoda,Arachnida,Araneae,Araneidae,Gasteracantha,fornicata,morph_yellow,NA,f,Australia,16.9,145.7
S0000079,White2016,10.1111/evo.12948,Thomas_E_White,thomas.white@sydney.edu.au,"White TE, Kemp DJ (2016) Colour polymorphic lures target different visual channels in prey. Evolution Early View",reflectance,no,Oceanoptics USB2000. Dorsal mid-band.,Arthropoda,Arachnida,Araneae,Araneidae,Gasteracantha,fornicata,morph_yellow,NA,f,Australia,16.9,145.7
S0000080,White2016,10.1111/evo.12948,Thomas_E_White,thomas.white@sydney.edu.au,"White TE, Kemp DJ (2016) Colour polymorphic lures target different visual channels in prey. Evolution Early View",reflectance,no,Oceanoptics USB2000. Dorsal mid-band.,Arthropoda,Arachnida,Araneae,Araneidae,Gasteracantha,fornicata,morph_yellow,NA,f,Australia,16.9,145.7
S0000081,White2016,10.1111/evo.12948,Thomas_E_White,thomas.white@sydney.edu.au,"White TE, Kemp DJ (2016) Colour polymorphic lures target different visual channels in prey. Evolution Early View",reflectance,no,Oceanoptics USB2000. Dorsal mid-band.,Arthropoda,Arachnida,Araneae,Araneidae,Gasteracantha,fornicata,morph_yellow,NA,f,Australia,16.9,145.7
S0000082,White2016,10.1111/evo.12948,Thomas_E_White,thomas.white@sydney.edu.au,"White TE, Kemp DJ (2016) Colour polymorphic lures target different visual channels in prey. Evolution Early View",reflectance,no,Oceanoptics USB2000. Dorsal mid-band.,Arthropoda,Arachnida,Araneae,Araneidae,Gasteracantha,fornicata,morph_yellow,NA,f,Australia,16.9,145.7
S0000083,White2016,10.1111/evo.12948,Thomas_E_White,thomas.white@sydney.edu.au,"White TE, Kemp DJ (2016) Colour polymorphic lures target different visual channels in prey. Evolution Early View",reflectance,no,Oceanoptics USB2000. Dorsal mid-band.,Arthropoda,Arachnida,Araneae,Araneidae,Gasteracantha,fornicata,morph_yellow,NA,f,Australia,16.9,145.7
S0000084,White2016,10.1111/evo.12948,Thomas_E_White,thomas.white@sydney.edu.au,"White TE, Kemp DJ (2016) Colour polymorphic lures target different visual channels in prey. Evolution Early View",reflectance,no,Oceanoptics USB2000. Dorsal mid-band.,Arthropoda,Arachnida,Araneae,Araneidae,Gasteracantha,fornicata,morph_yellow,NA,f,Australia,16.9,145.7
S0000085,White2016,10.1111/evo.12948,Thomas_E_White,thomas.white@sydney.edu.au,"White TE, Kemp DJ (2016) Colour polymorphic lures target different visual channels in prey. Evolution Early View",reflectance,no,Oceanoptics USB2000. Dorsal mid-band.,Arthropoda,Arachnida,Araneae,Araneidae,Gasteracantha,fornicata,morph_yellow,NA,f,Australia,16.9,145.7
S0000086,White2016,10.1111/evo.12948,Thomas_E_White,thomas.white@sydney.edu.au,"White TE, Kemp DJ (2016) Colour polymorphic lures target different visual channels in prey. Evolution Early View",reflectance,no,Oceanoptics USB2000. Dorsal mid-band.,Arthropoda,Arachnida,Araneae,Araneidae,Gasteracantha,fornicata,morph_yellow,NA,f,Australia,16.9,145.7
S0000087,White2016,10.1111/evo.12948,Thomas_E_White,thomas.white@sydney.edu.au,"White TE, Kemp DJ (2016) Colour polymorphic lures target different visual channels in prey. Evolution Early View",reflectance,no,Oceanoptics USB2000. Dorsal mid-band.,Arthropoda,Arachnida,Araneae,Araneidae,Gasteracantha,fornicata,morph_yellow,NA,f,Australia,16.9,145.7
S0000088,White2016,10.1111/evo.12948,Thomas_E_White,thomas.white@sydney.edu.au,"White TE, Kemp DJ (2016) Colour polymorphic lures target different visual channels in prey. Evolution Early View",reflectance,no,Oceanoptics USB2000. Dorsal mid-band.,Arthropoda,Arachnida,Araneae,Araneidae,Gasteracantha,fornicata,morph_yellow,NA,f,Australia,16.9,145.7
S0000089,White2016,10.1111/evo.12948,Thomas_E_White,thomas.white@sydney.edu.au,"White TE, Kemp DJ (2016) Colour polymorphic lures target different visual channels in prey. Evolution Early View",reflectance,no,Oceanoptics USB2000. Dorsal mid-band.,Arthropoda,Arachnida,Araneae,Araneidae,Gasteracantha,fornicata,morph_yellow,NA,f,Australia,16.9,145.7
S0000090,White2016,10.1111/evo.12948,Thomas_E_White,thomas.white@sydney.edu.au,"White TE, Kemp DJ (2016) Colour polymorphic lures target different visual channels in prey. Evolution Early View",reflectance,no,Oceanoptics USB2000. Dorsal mid-band.,Arthropoda,Arachnida,Araneae,Araneidae,Gasteracantha,fornicata,morph_yellow,NA,f,Australia,16.9,145.7
S0000091,White2016,10.1111/evo.12948,Thomas_E_White,thomas.white@sydney.edu.au,"White TE, Kemp DJ (2016) Colour polymorphic lures target different visual channels in prey. Evolution Early View",reflectance,no,Oceanoptics USB2000. Dorsal mid-band.,Arthropoda,Arachnida,Araneae,Araneidae,Gasteracantha,fornicata,morph_yellow,NA,f,Australia,16.9,145.7
S0000092,White2016,10.1111/evo.12948,Thomas_E_White,thomas.white@sydney.edu.au,"White TE, Kemp DJ (2016) Colour polymorphic lures target different visual channels in prey. Evolution Early View",reflectance,no,Oceanoptics USB2000. Dorsal mid-band.,Arthropoda,Arachnida,Araneae,Araneidae,Gasteracantha,fornicata,morph_yellow,NA,f,Australia,16.9,145.7
S0000093,White2016,10.1111/evo.12948,Thomas_E_White,thomas.white@sydney.edu.au,"White TE, Kemp DJ (2016) Colour polymorphic lures target different visual channels in prey. Evolution Early View",reflectance,no,Oceanoptics USB2000. Dorsal mid-band.,Arthropoda,Arachnida,Araneae,Araneidae,Gasteracantha,fornicata,morph_yellow,NA,f,Australia,16.9,145.7
S0000094,White2016,10.1111/evo.12948,Thomas_E_White,thomas.white@sydney.edu.au,"White TE, Kemp DJ (2016) Colour polymorphic lures target different visual channels in prey. Evolution Early View",reflectance,no,Oceanoptics USB2000. Dorsal mid-band.,Arthropoda,Arachnida,Araneae,Araneidae,Gasteracantha,fornicata,morph_yellow,NA,f,Australia,16.9,145.7
S0000095,White2016,10.1111/evo.12948,Thomas_E_White,thomas.white@sydney.edu.au,"White TE, Kemp DJ (2016) Colour polymorphic lures target different visual channels in prey. Evolution Early View",reflectance,no,Oceanoptics USB2000. Dorsal mid-band.,Arthropoda,Arachnida,Araneae,Araneidae,Gasteracantha,fornicata,morph_yellow,NA,f,Australia,16.9,145.7
S0000096,White2016,10.1111/evo.12948,Thomas_E_White,thomas.white@sydney.edu.au,"White TE, Kemp DJ (2016) Colour polymorphic lures target different visual channels in prey. Evolution Early View",reflectance,no,Oceanoptics USB2000. Dorsal mid-band.,Arthropoda,Arachnida,Araneae,Araneidae,Gasteracantha,fornicata,morph_yellow,NA,f,Australia,16.9,145.7
S0000097,White2016,10.1111/evo.12948,Thomas_E_White,thomas.white@sydney.edu.au,"White TE, Kemp DJ (2016) Colour polymorphic lures target different visual channels in prey. Evolution Early View",reflectance,no,Oceanoptics USB2000. Dorsal mid-band.,Arthropoda,Arachnida,Araneae,Araneidae,Gasteracantha,fornicata,morph_yellow,NA,f,Australia,16.9,145.7
S0000098,White2016,10.1111/evo.12948,Thomas_E_White,thomas.white@sydney.edu.au,"White TE, Kemp DJ (2016) Colour polymorphic lures target different visual channels in prey. Evolution Early View",reflectance,no,Oceanoptics USB2000. Dorsal mid-band.,Arthropoda,Arachnida,Araneae,Araneidae,Gasteracantha,fornicata,morph_yellow,NA,f,Australia,16.9,145.7
S0000099,White2016,10.1111/evo.12948,Thomas_E_White,thomas.white@sydney.edu.au,"White TE, Kemp DJ (2016) Colour polymorphic lures target different visual channels in prey. Evolution Early View",reflectance,no,Oceanoptics USB2000. Dorsal mid-band.,Arthropoda,Arachnida,Araneae,Araneidae,Gasteracantha,fornicata,morph_yellow,NA,f,Australia,16.9,145.7
S0000100,White2016,10.1111/evo.12948,Thomas_E_White,thomas.white@sydney.edu.au,"White TE, Kemp DJ (2016) Colour polymorphic lures target different visual channels in prey. Evolution Early View",reflectance,no,Oceanoptics USB2000. Dorsal mid-band.,Arthropoda,Arachnida,Araneae,Araneidae,Gasteracantha,fornicata,morph_yellow,NA,f,Australia,16.9,145.7
S0000101,White2016,10.1111/evo.12948,Thomas_E_White,thomas.white@sydney.edu.au,"White TE, Kemp DJ (2016) Colour polymorphic lures target different visual channels in prey. Evolution Early View",reflectance,no,Oceanoptics USB2000. Dorsal mid-band.,Arthropoda,Arachnida,Araneae,Araneidae,Gasteracantha,fornicata,morph_yellow,NA,f,Australia,16.9,145.7
S0000102,White2016,10.1111/evo.12948,Thomas_E_White,thomas.white@sydney.edu.au,"White TE, Kemp DJ (2016) Colour polymorphic lures target different visual channels in prey. Evolution Early View",reflectance,no,Oceanoptics USB2000. Dorsal mid-band.,Arthropoda,Arachnida,Araneae,Araneidae,Gasteracantha,fornicata,morph_yellow,NA,f,Australia,16.9,145.7
S0000103,White2016,10.1111/evo.12948,Thomas_E_White,thomas.white@sydney.edu.au,"White TE, Kemp DJ (2016) Colour polymorphic lures target different visual channels in prey. Evolution Early View",reflectance,no,Oceanoptics USB2000. Dorsal mid-band.,Arthropoda,Arachnida,Araneae,Araneidae,Gasteracantha,fornicata,morph_yellow,NA,f,Australia,16.9,145.7
S0000104,White2016,10.1111/evo.12948,Thomas_E_White,thomas.white@sydney.edu.au,"White TE, Kemp DJ (2016) Colour polymorphic lures target different visual channels in prey. Evolution Early View",reflectance,no,Oceanoptics USB2000. Dorsal mid-band.,Arthropoda,Arachnida,Araneae,Araneidae,Gasteracantha,fornicata,morph_yellow,NA,f,Australia,16.9,145.7
S0000105,White2016,10.1111/evo.12948,Thomas_E_White,thomas.white@sydney.edu.au,"White TE, Kemp DJ (2016) Colour polymorphic lures target different visual channels in prey. Evolution Early View",reflectance,no,Oceanoptics USB2000. Dorsal mid-band.,Arthropoda,Arachnida,Araneae,Araneidae,Gasteracantha,fornicata,morph_yellow,NA,f,Australia,16.9,145.7
S0000106,White2016,10.1111/evo.12948,Thomas_E_White,thomas.white@sydney.edu.au,"White TE, Kemp DJ (2016) Colour polymorphic lures target different visual channels in prey. Evolution Early View",reflectance,no,Oceanoptics USB2000. Dorsal mid-band.,Arthropoda,Arachnida,Araneae,Araneidae,Gasteracantha,fornicata,morph_yellow,NA,f,Australia,16.9,145.7
S0000107,White2016,10.1111/evo.12948,Thomas_E_White,thomas.white@sydney.edu.au,"White TE, Kemp DJ (2016) Colour polymorphic lures target different visual channels in prey. Evolution Early View",reflectance,no,Oceanoptics USB2000. Dorsal mid-band.,Arthropoda,Arachnida,Araneae,Araneidae,Gasteracantha,fornicata,morph_yellow,NA,f,Australia,16.9,145.7
S0000108,White2016,10.1111/evo.12948,Thomas_E_White,thomas.white@sydney.edu.au,"White TE, Kemp DJ (2016) Colour polymorphic lures target different visual channels in prey. Evolution Early View",reflectance,no,Oceanoptics USB2000. Dorsal mid-band.,Arthropoda,Arachnida,Araneae,Araneidae,Gasteracantha,fornicata,morph_yellow,NA,f,Australia,16.9,145.7
S0000109,White2016,10.1111/evo.12948,Thomas_E_White,thomas.white@sydney.edu.au,"White TE, Kemp DJ (2016) Colour polymorphic lures target different visual channels in prey. Evolution Early View",reflectance,no,Oceanoptics USB2000. Dorsal mid-band.,Arthropoda,Arachnida,Araneae,Araneidae,Gasteracantha,fornicata,morph_yellow,NA,f,Australia,16.9,145.7
S0000110,White2016,10.1111/evo.12948,Thomas_E_White,thomas.white@sydney.edu.au,"White TE, Kemp DJ (2016) Colour polymorphic lures target different visual channels in prey. Evolution Early View",reflectance,no,Oceanoptics USB2000. Dorsal mid-band.,Arthropoda,Arachnida,Araneae,Araneidae,Gasteracantha,fornicata,morph_yellow,NA,f,Australia,16.9,145.7
S0000111,White2016,10.1111/evo.12948,Thomas_E_White,thomas.white@sydney.edu.au,"White TE, Kemp DJ (2016) Colour polymorphic lures target different visual channels in prey. Evolution Early View",reflectance,no,Oceanoptics USB2000. Dorsal mid-band.,Arthropoda,Arachnida,Araneae,Araneidae,Gasteracantha,fornicata,morph_yellow,NA,f,Australia,16.9,145.7
S0000112,White2016,10.1111/evo.12948,Thomas_E_White,thomas.white@sydney.edu.au,"White TE, Kemp DJ (2016) Colour polymorphic lures target different visual channels in prey. Evolution Early View",reflectance,no,Oceanoptics USB2000. Dorsal mid-band.,Arthropoda,Arachnida,Araneae,Araneidae,Gasteracantha,fornicata,morph_yellow,NA,f,Australia,16.9,145.7
S0000113,White2016,10.1111/evo.12948,Thomas_E_White,thomas.white@sydney.edu.au,"White TE, Kemp DJ (2016) Colour polymorphic lures target different visual channels in prey. Evolution Early View",reflectance,no,Oceanoptics USB2000. Dorsal mid-band.,Arthropoda,Arachnida,Araneae,Araneidae,Gasteracantha,fornicata,morph_yellow,NA,f,Australia,16.9,145.7
S0000114,White2016,10.1111/evo.12948,Thomas_E_White,thomas.white@sydney.edu.au,"White TE, Kemp DJ (2016) Colour polymorphic lures target different visual channels in prey. Evolution Early View",reflectance,no,Oceanoptics USB2000. Dorsal mid-band.,Arthropoda,Arachnida,Araneae,Araneidae,Gasteracantha,fornicata,morph_yellow,NA,f,Australia,16.9,145.7
S0000115,White2016,10.1111/evo.12948,Thomas_E_White,thomas.white@sydney.edu.au,"White TE, Kemp DJ (2016) Colour polymorphic lures target different visual channels in prey. Evolution Early View",reflectance,no,Oceanoptics USB2000. Dorsal mid-band.,Arthropoda,Arachnida,Araneae,Araneidae,Gasteracantha,fornicata,morph_yellow,NA,f,Australia,16.9,145.7
S0000116,White2016,10.1111/evo.12948,Thomas_E_White,thomas.white@sydney.edu.au,"White TE, Kemp DJ (2016) Colour polymorphic lures target different visual channels in prey. Evolution Early View",reflectance,no,Oceanoptics USB2000. Dorsal mid-band.,Arthropoda,Arachnida,Araneae,Araneidae,Gasteracantha,fornicata,morph_yellow,NA,f,Australia,16.9,145.7
S0000117,White2016,10.1111/evo.12948,Thomas_E_White,thomas.white@sydney.edu.au,"White TE, Kemp DJ (2016) Colour polymorphic lures target different visual channels in prey. Evolution Early View",reflectance,no,Oceanoptics USB2000. Dorsal mid-band.,Arthropoda,Arachnida,Araneae,Araneidae,Gasteracantha,fornicata,morph_yellow,NA,f,Australia,16.9,145.7
S0000118,White2016,10.1111/evo.12948,Thomas_E_White,thomas.white@sydney.edu.au,"White TE, Kemp DJ (2016) Colour polymorphic lures target different visual channels in prey. Evolution Early View",reflectance,no,Oceanoptics USB2000. Dorsal mid-band.,Arthropoda,Arachnida,Araneae,Araneidae,Gasteracantha,fornicata,morph_yellow,NA,f,Australia,16.9,145.7
S0000119,White2016,10.1111/evo.12948,Thomas_E_White,thomas.white@sydney.edu.au,"White TE, Kemp DJ (2016) Colour polymorphic lures target different visual channels in prey. Evolution Early View",reflectance,no,Oceanoptics USB2000. Dorsal mid-band.,Arthropoda,Arachnida,Araneae,Araneidae,Gasteracantha,fornicata,morph_yellow,NA,f,Australia,16.9,145.7
S0000120,White2016,10.1111/evo.12948,Thomas_E_White,thomas.white@sydney.edu.au,"White TE, Kemp DJ (2016) Colour polymorphic lures target different visual channels in prey. Evolution Early View",reflectance,no,Oceanoptics USB2000. Dorsal mid-band.,Arthropoda,Arachnida,Araneae,Araneidae,Gasteracantha,fornicata,morph_yellow,NA,f,Australia,16.9,145.7
S0000121,White2016,10.1111/evo.12948,Thomas_E_White,thomas.white@sydney.edu.au,"White TE, Kemp DJ (2016) Colour polymorphic lures target different visual channels in prey. Evolution Early View",reflectance,no,Oceanoptics USB2000. Dorsal mid-band.,Arthropoda,Arachnida,Araneae,Araneidae,Gasteracantha,fornicata,morph_yellow,NA,f,Australia,16.9,145.7
S0000122,White2016,10.1111/evo.12948,Thomas_E_White,thomas.white@sydney.edu.au,"White TE, Kemp DJ (2016) Colour polymorphic lures target different visual channels in prey. Evolution Early View",reflectance,no,Oceanoptics USB2000. Dorsal mid-band.,Arthropoda,Arachnida,Araneae,Araneidae,Gasteracantha,fornicata,morph_yellow,NA,f,Australia,16.9,145.7
S0000123,White2016,10.1111/evo.12948,Thomas_E_White,thomas.white@sydney.edu.au,"White TE, Kemp DJ (2016) Colour polymorphic lures target different visual channels in prey. Evolution Early View",reflectance,no,Oceanoptics USB2000. Dorsal mid-band.,Arthropoda,Arachnida,Araneae,Araneidae,Gasteracantha,fornicata,morph_yellow,NA,f,Australia,16.9,145.7
S0000124,White2016,10.1111/evo.12948,Thomas_E_White,thomas.white@sydney.edu.au,"White TE, Kemp DJ (2016) Colour polymorphic lures target different visual channels in prey. Evolution Early View",reflectance,no,Oceanoptics USB2000. Dorsal mid-band.,Arthropoda,Arachnida,Araneae,Araneidae,Gasteracantha,fornicata,morph_yellow,NA,f,Australia,16.9,145.7
S0000125,White2016,10.1111/evo.12948,Thomas_E_White,thomas.white@sydney.edu.au,"White TE, Kemp DJ (2016) Colour polymorphic lures target different visual channels in prey. Evolution Early View",reflectance,no,Oceanoptics USB2000. Dorsal mid-band.,Arthropoda,Arachnida,Araneae,Araneidae,Gasteracantha,fornicata,morph_yellow,NA,f,Australia,16.9,145.7
S0000126,White2016,10.1111/evo.12948,Thomas_E_White,thomas.white@sydney.edu.au,"White TE, Kemp DJ (2016) Colour polymorphic lures target different visual channels in prey. Evolution Early View",reflectance,no,Oceanoptics USB2000. Dorsal mid-band.,Arthropoda,Arachnida,Araneae,Araneidae,Gasteracantha,fornicata,morph_yellow,NA,f,Australia,16.9,145.7
S0000127,White2016,10.1111/evo.12948,Thomas_E_White,thomas.white@sydney.edu.au,"White TE, Kemp DJ (2016) Colour polymorphic lures target different visual channels in prey. Evolution Early View",reflectance,no,Oceanoptics USB2000. Dorsal mid-band.,Arthropoda,Arachnida,Araneae,Araneidae,Gasteracantha,fornicata,morph_yellow,NA,f,Australia,16.9,145.7
S0000128,White2016,10.1111/evo.12948,Thomas_E_White,thomas.white@sydney.edu.au,"White TE, Kemp DJ (2016) Colour polymorphic lures target different visual channels in prey. Evolution Early View",reflectance,no,Oceanoptics USB2000. Dorsal mid-band.,Arthropoda,Arachnida,Araneae,Araneidae,Gasteracantha,fornicata,morph_yellow,NA,f,Australia,16.9,145.7
S0000129,White2016,10.1111/evo.12948,Thomas_E_White,thomas.white@sydney.edu.au,"White TE, Kemp DJ (2016) Colour polymorphic lures target different visual channels in prey. Evolution Early View",reflectance,no,Oceanoptics USB2000. Dorsal mid-band.,Arthropoda,Arachnida,Araneae,Araneidae,Gasteracantha,fornicata,morph_yellow,NA,f,Australia,16.9,145.7
S0000130,White2016,10.1111/evo.12948,Thomas_E_White,thomas.white@sydney.edu.au,"White TE, Kemp DJ (2016) Colour polymorphic lures target different visual channels in prey. Evolution Early View",reflectance,no,Oceanoptics USB2000. Dorsal mid-band.,Arthropoda,Arachnida,Araneae,Araneidae,Gasteracantha,fornicata,morph_yellow,NA,f,Australia,16.9,145.7
S0000131,White2016,10.1111/evo.12948,Thomas_E_White,thomas.white@sydney.edu.au,"White TE, Kemp DJ (2016) Colour polymorphic lures target different visual channels in prey. Evolution Early View",reflectance,no,Oceanoptics USB2000. Dorsal mid-band.,Arthropoda,Arachnida,Araneae,Araneidae,Gasteracantha,fornicata,morph_yellow,NA,f,Australia,16.9,145.7
S0000132,White2016,10.1111/evo.12948,Thomas_E_White,thomas.white@sydney.edu.au,"White TE, Kemp DJ (2016) Colour polymorphic lures target different visual channels in prey. Evolution Early View",reflectance,no,Oceanoptics USB2000. Dorsal mid-band.,Arthropoda,Arachnida,Araneae,Araneidae,Gasteracantha,fornicata,morph_yellow,NA,f,Australia,16.9,145.7
S0000133,White2016,10.1111/evo.12948,Thomas_E_White,thomas.white@sydney.edu.au,"White TE, Kemp DJ (2016) Colour polymorphic lures target different visual channels in prey. Evolution Early View",reflectance,no,Oceanoptics USB2000. Dorsal mid-band.,Arthropoda,Arachnida,Araneae,Araneidae,Gasteracantha,fornicata,morph_yellow,NA,f,Australia,16.9,145.7
S0000134,White2016,10.1111/evo.12948,Thomas_E_White,thomas.white@sydney.edu.au,"White TE, Kemp DJ (2016) Colour polymorphic lures target different visual channels in prey. Evolution Early View",reflectance,no,Oceanoptics USB2000. Dorsal mid-band.,Arthropoda,Arachnida,Araneae,Araneidae,Gasteracantha,fornicata,morph_yellow,NA,f,Australia,16.9,145.7
S0000135,White2016,10.1111/evo.12948,Thomas_E_White,thomas.white@sydney.edu.au,"White TE, Kemp DJ (2016) Colour polymorphic lures target different visual channels in prey. Evolution Early View",reflectance,no,Oceanoptics USB2000. Dorsal mid-band.,Arthropoda,Arachnida,Araneae,Araneidae,Gasteracantha,fornicata,morph_yellow,NA,f,Australia,16.9,145.7
S0000136,White2016,10.1111/evo.12948,Thomas_E_White,thomas.white@sydney.edu.au,"White TE, Kemp DJ (2016) Colour polymorphic lures target different visual channels in prey. Evolution Early View",reflectance,no,Oceanoptics USB2000. Dorsal mid-band.,Arthropoda,Arachnida,Araneae,Araneidae,Gasteracantha,fornicata,morph_yellow,NA,f,Australia,16.9,145.7
S0000137,White2016,10.1111/evo.12948,Thomas_E_White,thomas.white@sydney.edu.au,"White TE, Kemp DJ (2016) Colour polymorphic lures target different visual channels in prey. Evolution Early View",reflectance,no,Oceanoptics USB2000. Dorsal mid-band.,Arthropoda,Arachnida,Araneae,Araneidae,Gasteracantha,fornicata,morph_yellow,NA,f,Australia,16.9,145.7
S0000138,White2016,10.1111/evo.12948,Thomas_E_White,thomas.white@sydney.edu.au,"White TE, Kemp DJ (2016) Colour polymorphic lures target different visual channels in prey. Evolution Early View",reflectance,no,Oceanoptics USB2000. Dorsal mid-band.,Arthropoda,Arachnida,Araneae,Araneidae,Gasteracantha,fornicata,morph_white,NA,f,Australia,16.9,145.7
S0000139,White2016,10.1111/evo.12948,Thomas_E_White,thomas.white@sydney.edu.au,"White TE, Kemp DJ (2016) Colour polymorphic lures target different visual channels in prey. Evolution Early View",reflectance,no,Oceanoptics USB2000. Dorsal mid-band.,Arthropoda,Arachnida,Araneae,Araneidae,Gasteracantha,fornicata,morph_white,NA,f,Australia,16.9,145.7
S0000140,White2016,10.1111/evo.12948,Thomas_E_White,thomas.white@sydney.edu.au,"White TE, Kemp DJ (2016) Colour polymorphic lures target different visual channels in prey. Evolution Early View",reflectance,no,Oceanoptics USB2000. Dorsal mid-band.,Arthropoda,Arachnida,Araneae,Araneidae,Gasteracantha,fornicata,morph_white,NA,f,Australia,16.9,145.7
S0000141,White2016,10.1111/evo.12948,Thomas_E_White,thomas.white@sydney.edu.au,"White TE, Kemp DJ (2016) Colour polymorphic lures target different visual channels in prey. Evolution Early View",reflectance,no,Oceanoptics USB2000. Dorsal mid-band.,Arthropoda,Arachnida,Araneae,Araneidae,Gasteracantha,fornicata,morph_white,NA,f,Australia,16.9,145.7
S0000142,White2016,10.1111/evo.12948,Thomas_E_White,thomas.white@sydney.edu.au,"White TE, Kemp DJ (2016) Colour polymorphic lures target different visual channels in prey. Evolution Early View",reflectance,no,Oceanoptics USB2000. Dorsal mid-band.,Arthropoda,Arachnida,Araneae,Araneidae,Gasteracantha,fornicata,morph_white,NA,f,Australia,16.9,145.7
S0000143,White2016,10.1111/evo.12948,Thomas_E_White,thomas.white@sydney.edu.au,"White TE, Kemp DJ (2016) Colour polymorphic lures target different visual channels in prey. Evolution Early View",reflectance,no,Oceanoptics USB2000. Dorsal mid-band.,Arthropoda,Arachnida,Araneae,Araneidae,Gasteracantha,fornicata,morph_white,NA,f,Australia,16.9,145.7
S0000144,White2016,10.1111/evo.12948,Thomas_E_White,thomas.white@sydney.edu.au,"White TE, Kemp DJ (2016) Colour polymorphic lures target different visual channels in prey. Evolution Early View",reflectance,no,Oceanoptics USB2000. Dorsal mid-band.,Arthropoda,Arachnida,Araneae,Araneidae,Gasteracantha,fornicata,morph_white,NA,f,Australia,16.9,145.7
S0000145,White2016,10.1111/evo.12948,Thomas_E_White,thomas.white@sydney.edu.au,"White TE, Kemp DJ (2016) Colour polymorphic lures target different visual channels in prey. Evolution Early View",reflectance,no,Oceanoptics USB2000. Dorsal mid-band.,Arthropoda,Arachnida,Araneae,Araneidae,Gasteracantha,fornicata,morph_white,NA,f,Australia,16.9,145.7
S0000146,White2016,10.1111/evo.12948,Thomas_E_White,thomas.white@sydney.edu.au,"White TE, Kemp DJ (2016) Colour polymorphic lures target different visual channels in prey. Evolution Early View",reflectance,no,Oceanoptics USB2000. Dorsal mid-band.,Arthropoda,Arachnida,Araneae,Araneidae,Gasteracantha,fornicata,morph_white,NA,f,Australia,16.9,145.7
S0000147,White2016,10.1111/evo.12948,Thomas_E_White,thomas.white@sydney.edu.au,"White TE, Kemp DJ (2016) Colour polymorphic lures target different visual channels in prey. Evolution Early View",reflectance,no,Oceanoptics USB2000. Dorsal mid-band.,Arthropoda,Arachnida,Araneae,Araneidae,Gasteracantha,fornicata,morph_white,NA,f,Australia,16.9,145.7
S0000148,White2016,10.1111/evo.12948,Thomas_E_White,thomas.white@sydney.edu.au,"White TE, Kemp DJ (2016) Colour polymorphic lures target different visual channels in prey. Evolution Early View",reflectance,no,Oceanoptics USB2000. Dorsal mid-band.,Arthropoda,Arachnida,Araneae,Araneidae,Gasteracantha,fornicata,morph_white,NA,f,Australia,16.9,145.7
S0000149,White2016,10.1111/evo.12948,Thomas_E_White,thomas.white@sydney.edu.au,"White TE, Kemp DJ (2016) Colour polymorphic lures target different visual channels in prey. Evolution Early View",reflectance,no,Oceanoptics USB2000. Dorsal mid-band.,Arthropoda,Arachnida,Araneae,Araneidae,Gasteracantha,fornicata,morph_white,NA,f,Australia,16.9,145.7
S0000150,White2016,10.1111/evo.12948,Thomas_E_White,thomas.white@sydney.edu.au,"White TE, Kemp DJ (2016) Colour polymorphic lures target different visual channels in prey. Evolution Early View",reflectance,no,Oceanoptics USB2000. Dorsal mid-band.,Arthropoda,Arachnida,Araneae,Araneidae,Gasteracantha,fornicata,morph_white,NA,f,Australia,16.9,145.7
S0000151,White2016,10.1111/evo.12948,Thomas_E_White,thomas.white@sydney.edu.au,"White TE, Kemp DJ (2016) Colour polymorphic lures target different visual channels in prey. Evolution Early View",reflectance,no,Oceanoptics USB2000. Dorsal mid-band.,Arthropoda,Arachnida,Araneae,Araneidae,Gasteracantha,fornicata,morph_white,NA,f,Australia,16.9,145.7
S0000152,White2016,10.1111/evo.12948,Thomas_E_White,thomas.white@sydney.edu.au,"White TE, Kemp DJ (2016) Colour polymorphic lures target different visual channels in prey. Evolution Early View",reflectance,no,Oceanoptics USB2000. Dorsal mid-band.,Arthropoda,Arachnida,Araneae,Araneidae,Gasteracantha,fornicata,morph_white,NA,f,Australia,16.9,145.7
S0000153,White2016,10.1111/evo.12948,Thomas_E_White,thomas.white@sydney.edu.au,"White TE, Kemp DJ (2016) Colour polymorphic lures target different visual channels in prey. Evolution Early View",reflectance,no,Oceanoptics USB2000. Dorsal mid-band.,Arthropoda,Arachnida,Araneae,Araneidae,Gasteracantha,fornicata,morph_white,NA,f,Australia,16.9,145.7
S0000154,White2016,10.1111/evo.12948,Thomas_E_White,thomas.white@sydney.edu.au,"White TE, Kemp DJ (2016) Colour polymorphic lures target different visual channels in prey. Evolution Early View",reflectance,no,Oceanoptics USB2000. Dorsal mid-band.,Arthropoda,Arachnida,Araneae,Araneidae,Gasteracantha,fornicata,morph_white,NA,f,Australia,16.9,145.7
S0000155,White2016,10.1111/evo.12948,Thomas_E_White,thomas.white@sydney.edu.au,"White TE, Kemp DJ (2016) Colour polymorphic lures target different visual channels in prey. Evolution Early View",reflectance,no,Oceanoptics USB2000. Dorsal mid-band.,Arthropoda,Arachnida,Araneae,Araneidae,Gasteracantha,fornicata,morph_white,NA,f,Australia,16.9,145.7
S0000156,White2016,10.1111/evo.12948,Thomas_E_White,thomas.white@sydney.edu.au,"White TE, Kemp DJ (2016) Colour polymorphic lures target different visual channels in prey. Evolution Early View",reflectance,no,Oceanoptics USB2000. Dorsal mid-band.,Arthropoda,Arachnida,Araneae,Araneidae,Gasteracantha,fornicata,morph_white,NA,f,Australia,16.9,145.7
S0000157,White2016,10.1111/evo.12948,Thomas_E_White,thomas.white@sydney.edu.au,"White TE, Kemp DJ (2016) Colour polymorphic lures target different visual channels in prey. Evolution Early View",reflectance,no,Oceanoptics USB2000. Dorsal mid-band.,Arthropoda,Arachnida,Araneae,Araneidae,Gasteracantha,fornicata,morph_white,NA,f,Australia,16.9,145.7
S0000158,White2016,10.1111/evo.12948,Thomas_E_White,thomas.white@sydney.edu.au,"White TE, Kemp DJ (2016) Colour polymorphic lures target different visual channels in prey. Evolution Early View",reflectance,no,Oceanoptics USB2000. Dorsal mid-band.,Arthropoda,Arachnida,Araneae,Araneidae,Gasteracantha,fornicata,morph_white,NA,f,Australia,16.9,145.7
S0000159,White2016,10.1111/evo.12948,Thomas_E_White,thomas.white@sydney.edu.au,"White TE, Kemp DJ (2016) Colour polymorphic lures target different visual channels in prey. Evolution Early View",reflectance,no,Oceanoptics USB2000. Dorsal mid-band.,Arthropoda,Arachnida,Araneae,Araneidae,Gasteracantha,fornicata,morph_white,NA,f,Australia,16.9,145.7
S0000160,White2016,10.1111/evo.12948,Thomas_E_White,thomas.white@sydney.edu.au,"White TE, Kemp DJ (2016) Colour polymorphic lures target different visual channels in prey. Evolution Early View",reflectance,no,Oceanoptics USB2000. Dorsal mid-band.,Arthropoda,Arachnida,Araneae,Araneidae,Gasteracantha,fornicata,morph_white,NA,f,Australia,16.9,145.7
S0000161,White2016,10.1111/evo.12948,Thomas_E_White,thomas.white@sydney.edu.au,"White TE, Kemp DJ (2016) Colour polymorphic lures target different visual channels in prey. Evolution Early View",reflectance,no,Oceanoptics USB2000. Dorsal mid-band.,Arthropoda,Arachnida,Araneae,Araneidae,Gasteracantha,fornicata,morph_white,NA,f,Australia,16.9,145.7
S0000162,White2016,10.1111/evo.12948,Thomas_E_White,thomas.white@sydney.edu.au,"White TE, Kemp DJ (2016) Colour polymorphic lures target different visual channels in prey. Evolution Early View",reflectance,no,Oceanoptics USB2000. Dorsal mid-band.,Arthropoda,Arachnida,Araneae,Araneidae,Gasteracantha,fornicata,morph_white,NA,f,Australia,16.9,145.7
S0000163,White2016,10.1111/evo.12948,Thomas_E_White,thomas.white@sydney.edu.au,"White TE, Kemp DJ (2016) Colour polymorphic lures target different visual channels in prey. Evolution Early View",reflectance,no,Oceanoptics USB2000. Dorsal mid-band.,Arthropoda,Arachnida,Araneae,Araneidae,Gasteracantha,fornicata,morph_white,NA,f,Australia,16.9,145.7
S0000164,White2016,10.1111/evo.12948,Thomas_E_White,thomas.white@sydney.edu.au,"White TE, Kemp DJ (2016) Colour polymorphic lures target different visual channels in prey. Evolution Early View",reflectance,no,Oceanoptics USB2000. Dorsal mid-band.,Arthropoda,Arachnida,Araneae,Araneidae,Gasteracantha,fornicata,morph_white,NA,f,Australia,16.9,145.7
S0000165,White2016,10.1111/evo.12948,Thomas_E_White,thomas.white@sydney.edu.au,"White TE, Kemp DJ (2016) Colour polymorphic lures target different visual channels in prey. Evolution Early View",reflectance,no,Oceanoptics USB2000. Dorsal mid-band.,Arthropoda,Arachnida,Araneae,Araneidae,Gasteracantha,fornicata,morph_white,NA,f,Australia,16.9,145.7
S0000166,White2016,10.1111/evo.12948,Thomas_E_White,thomas.white@sydney.edu.au,"White TE, Kemp DJ (2016) Colour polymorphic lures target different visual channels in prey. Evolution Early View",reflectance,no,Oceanoptics USB2000. Dorsal mid-band.,Arthropoda,Arachnida,Araneae,Araneidae,Gasteracantha,fornicata,morph_white,NA,f,Australia,16.9,145.7
S0000167,White2016,10.1111/evo.12948,Thomas_E_White,thomas.white@sydney.edu.au,"White TE, Kemp DJ (2016) Colour polymorphic lures target different visual channels in prey. Evolution Early View",reflectance,no,Oceanoptics USB2000. Dorsal mid-band.,Arthropoda,Arachnida,Araneae,Araneidae,Gasteracantha,fornicata,morph_white,NA,f,Australia,16.9,145.7
S0000168,White2016,10.1111/evo.12948,Thomas_E_White,thomas.white@sydney.edu.au,"White TE, Kemp DJ (2016) Colour polymorphic lures target different visual channels in prey. Evolution Early View",reflectance,no,Oceanoptics USB2000. Dorsal mid-band.,Arthropoda,Arachnida,Araneae,Araneidae,Gasteracantha,fornicata,morph_white,NA,f,Australia,16.9,145.7
S0000169,White2016,10.1111/evo.12948,Thomas_E_White,thomas.white@sydney.edu.au,"White TE, Kemp DJ (2016) Colour polymorphic lures target different visual channels in prey. Evolution Early View",reflectance,no,Oceanoptics USB2000. Dorsal mid-band.,Arthropoda,Arachnida,Araneae,Araneidae,Gasteracantha,fornicata,morph_white,NA,f,Australia,16.9,145.7
S0000170,White2016,10.1111/evo.12948,Thomas_E_White,thomas.white@sydney.edu.au,"White TE, Kemp DJ (2016) Colour polymorphic lures target different visual channels in prey. Evolution Early View",reflectance,no,Oceanoptics USB2000. Dorsal mid-band.,Arthropoda,Arachnida,Araneae,Araneidae,Gasteracantha,fornicata,morph_white,NA,f,Australia,16.9,145.7
S0000171,White2016,10.1111/evo.12948,Thomas_E_White,thomas.white@sydney.edu.au,"White TE, Kemp DJ (2016) Colour polymorphic lures target different visual channels in prey. Evolution Early View",reflectance,no,Oceanoptics USB2000. Dorsal mid-band.,Arthropoda,Arachnida,Araneae,Araneidae,Gasteracantha,fornicata,morph_white,NA,f,Australia,16.9,145.7
S0000172,White2016,10.1111/evo.12948,Thomas_E_White,thomas.white@sydney.edu.au,"White TE, Kemp DJ (2016) Colour polymorphic lures target different visual channels in prey. Evolution Early View",reflectance,no,Oceanoptics USB2000. Dorsal mid-band.,Arthropoda,Arachnida,Araneae,Araneidae,Gasteracantha,fornicata,morph_white,NA,f,Australia,16.9,145.7
S0000173,White2016,10.1111/evo.12948,Thomas_E_White,thomas.white@sydney.edu.au,"White TE, Kemp DJ (2016) Colour polymorphic lures target different visual channels in prey. Evolution Early View",reflectance,no,Oceanoptics USB2000. Dorsal mid-band.,Arthropoda,Arachnida,Araneae,Araneidae,Gasteracantha,fornicata,morph_white,NA,f,Australia,16.9,145.7
S0000174,White2016,10.1111/evo.12948,Thomas_E_White,thomas.white@sydney.edu.au,"White TE, Kemp DJ (2016) Colour polymorphic lures target different visual channels in prey. Evolution Early View",reflectance,no,Oceanoptics USB2000. Dorsal mid-band.,Arthropoda,Arachnida,Araneae,Araneidae,Gasteracantha,fornicata,morph_white,NA,f,Australia,16.9,145.7
S0000175,White2016,10.1111/evo.12948,Thomas_E_White,thomas.white@sydney.edu.au,"White TE, Kemp DJ (2016) Colour polymorphic lures target different visual channels in prey. Evolution Early View",reflectance,no,Oceanoptics USB2000. Dorsal mid-band.,Arthropoda,Arachnida,Araneae,Araneidae,Gasteracantha,fornicata,morph_white,NA,f,Australia,16.9,145.7
S0000176,White2016,10.1111/evo.12948,Thomas_E_White,thomas.white@sydney.edu.au,"White TE, Kemp DJ (2016) Colour polymorphic lures target different visual channels in prey. Evolution Early View",reflectance,no,Oceanoptics USB2000. Dorsal mid-band.,Arthropoda,Arachnida,Araneae,Araneidae,Gasteracantha,fornicata,morph_white,NA,f,Australia,16.9,145.7
S0000177,White2016,10.1111/evo.12948,Thomas_E_White,thomas.white@sydney.edu.au,"White TE, Kemp DJ (2016) Colour polymorphic lures target different visual channels in prey. Evolution Early View",reflectance,no,Oceanoptics USB2000. Dorsal mid-band.,Arthropoda,Arachnida,Araneae,Araneidae,Gasteracantha,fornicata,morph_white,NA,f,Australia,16.9,145.7
S0000178,White2016,10.1111/evo.12948,Thomas_E_White,thomas.white@sydney.edu.au,"White TE, Kemp DJ (2016) Colour polymorphic lures target different visual channels in prey. Evolution Early View",reflectance,no,Oceanoptics USB2000. Dorsal mid-band.,Arthropoda,Arachnida,Araneae,Araneidae,Gasteracantha,fornicata,morph_white,NA,f,Australia,16.9,145.7
S0000179,White2016,10.1111/evo.12948,Thomas_E_White,thomas.white@sydney.edu.au,"White TE, Kemp DJ (2016) Colour polymorphic lures target different visual channels in prey. Evolution Early View",reflectance,no,Oceanoptics USB2000. Dorsal mid-band.,Arthropoda,Arachnida,Araneae,Araneidae,Gasteracantha,fornicata,morph_white,NA,f,Australia,16.9,145.7
S0000180,White2016,10.1111/evo.12948,Thomas_E_White,thomas.white@sydney.edu.au,"White TE, Kemp DJ (2016) Colour polymorphic lures target different visual channels in prey. Evolution Early View",reflectance,no,Oceanoptics USB2000. Dorsal mid-band.,Arthropoda,Arachnida,Araneae,Araneidae,Gasteracantha,fornicata,morph_white,NA,f,Australia,16.9,145.7